{"IuytTsE4tHkMFpC6sIn/vg==":"%D0%A1%D0%BD%D0%B8%D0%BC%D0%BE%D0%BA%20%D1%8D%D0%BA%D1%80%D0%B0%D0%BD%D0%B0%202024-11-15%20222438-1234x623.png","hgW6ElO+8oQ29oQGcLID9g==":"mbr-1920x1280.jpg","DN1BXjkzQtLd0HSTfINiuw==":"mbr-1920x1080.jpg","Qpr+W9NEgo4l97GGyWqdYA==":"mbr-1-1920x1280.jpg","CFIt6gqxzfuXbqyCNvEn9A==":"mbr-2-1920x1280.jpg","yBI92HScJDTV2bo21NPsVA==":"mbr-3-1920x1280.jpg","klwVKa4krT8p98o40PCzOw==":"telegram-channel-588x647.png","48zkU7mP7WOjRlgQWJsGWA==":"photo_2024-11-12_17-39-26-240x240.jpg","Hyly9OX8sLMofYIP5tNWeQ==":"mbr-4-1920x1280.jpg"}